Name,ID
Home Student 2021 Retail,1sLMTtiBOyTtCc79S4u9GwoKZvN_E7pdS
Home Business 2024 Retail,1fSYwTgLNWw46XIFuBtwQ1aQtqFj4COpw
Home Business 2021 Retail,1vtz_8cEtRcc3GaGuo7HbHmdTXKzz8H3j
Home 2024,1pGs35lkNuVlPIyy3dSe7ovouUC3ElgoQ
Home 2024 MS Official,https://officecdn.microsoft.com/db/492350f6-3a01-4f97-b9c0-c7c6ddf67d60/media/en-us/Home2024Retail.img
Home Business 2024 MS Official,https://officecdn.microsoft.com/db/492350f6-3a01-4f97-b9c0-c7c6ddf67d60/media/en-us/HomeBusiness2024Retail.img
Proplus 2024 MS Official,https://officecdn.microsoft.com/db/492350f6-3a01-4f97-b9c0-c7c6ddf67d60/media/en-us/ProPlus2024Retail.img
Project Pro 2024 MS Official,https://officecdn.microsoft.com/db/492350f6-3a01-4f97-b9c0-c7c6ddf67d60/media/en-us/ProjectPro2024Retail.img
Home Business 2021 MS Official,https://officecdn.microsoft.com/db/492350f6-3a01-4f97-b9c0-c7c6ddf67d60/media/en-us/HomeBusiness2021Retail.img
Home Student 2021 MS Official,https://officecdn.microsoft.com/db/492350f6-3a01-4f97-b9c0-c7c6ddf67d60/media/en-us/HomeStudent2021Retail.img
Proplus 2021 MS Official,https://officecdn.microsoft.com/db/492350f6-3a01-4f97-b9c0-c7c6ddf67d60/media/en-us/Professional2021Retail.img
Project 2021 MS Official,https://officecdn.microsoft.com/db/492350f6-3a01-4f97-b9c0-c7c6ddf67d60/media/en-us/ProjectPro2021Retail.img
Home Business 2019 MS Official,https://officecdn.microsoft.com/db/492350f6-3a01-4f97-b9c0-c7c6ddf67d60/media/en-us/HomeBusiness2019Retail.img
Home Student 2019 MS Official,https://officecdn.microsoft.com/db/492350f6-3a01-4f97-b9c0-c7c6ddf67d60/media/en-us/HomeStudent2019Retail.img
Proplus 20219 MS Official,https://officecdn.microsoft.com/db/492350f6-3a01-4f97-b9c0-c7c6ddf67d60/media/en-us/ProPlus2019Retail.img
