Name,FileID
Windows 10-11 Pro,17z6Tlum3MQoxn6vQLbtnAiIvccieau2g
Windows 10 - 11 AIO,1YaEcJMqmRaNFG33awrWLBRgwL0dV5Hns
WinToHdd (phan mem setup),1vSF9E01LdZcbogjq-G38Vtu_8Zp34VBG
Windows 11 HSL (nonAct).wim,1PKIcsxouFraj1LNeAHfTshvWR7vi0-Xb
boot,12wff-G085Vwrl7kUdma79Ur38dE5n_OA
Driver Intel Rapid Storage - AMD,1g8symLWD5y4BLz-mlITh0C--vmYG1q6n
winre,1K_DUZVKtdqBnq8yP3wYFn3pBO6NNMe_C
Windows 11 Pro (Activated).wim,13BC2W7lwwpxCdRalaCTYC--1N55K5nyd
Windows 11 25h2.wim,12unACOiS8UA8RtDDZ6goS-nlvzV67Lt3
Windows 11 25h2 ARM.wim,13ejAAzofbxawaCuhpidiNTAWszMTap_M
Windows 11 Enterprise IoT 2024.wim,1dDHx0lH8_8oEcK-Cq9Bl5ECpFNUzSeSv
Windows 10 Enterprise IoT.wim,141YDbwXRkmFej8LXSHWXaUPg__SDfAEK
Windows 10 Pro.wim,16qBZiAeuLDKpAD8bdzX68WHbAfI1fyA7
